{
	"format_version": "1.8.0",
	"minecraft:client_entity": {
		"description": {
			"identifier": "wild:allay",
			"min_engine_version": "1.8.0",
			"materials": {
				"default": "vex"
			},
			"textures": {
				"default": "textures/entity/allay/allay",
				"charging": "textures/entity/allay/charging"
			},
			"geometry": {
				"default": "geometry.allay"
			},
			"scripts": {
				"pre_animation": ["variable.tcos0=(Math.cos(query.modified_distance_moved*38.17)*query.modified_move_speed/variable.gliding_speed_value)*57.3;"],
				"scale": "0.4"
			},
			"animations": {
				"look_at_target_default": "animation.humanoid.look_at_target.default",
				"look_at_target_gliding": "animation.humanoid.look_at_target.gliding",
				"look_at_target_swimming": "animation.humanoid.look_at_target.swimming",
				"move": "animation.humanoid.move",
				"riding.arms": "animation.humanoid.riding.arms",
				"riding.legs": "animation.humanoid.riding.legs",
				"holding": "animation.humanoid.holding",
				"brandish_spear": "animation.humanoid.brandish_spear",
				"charging": "animation.humanoid.charging",
				"attack.rotations": "animation.allay.attack.rotations",
				"sneaking": "animation.humanoid.sneaking",
				"bob": "animation.humanoid.bob",
				"damage_nearby_mobs": "animation.humanoid.damage_nearby_mobs",
				"bow_and_arrow": "animation.humanoid.bow_and_arrow",
				"swimming": "animation.humanoid.swimming",
				"use_item_progress": "animation.humanoid.use_item_progress",
				"vex_move": "animation.allay.move"
			},
			"animation_controllers": [
				{
					"look_at_target": "controller.animation.humanoid.look_at_target"
				},
				{
					"move": "controller.animation.humanoid.move"
				},
				{
					"riding": "controller.animation.humanoid.riding"
				},
				{
					"holding": "controller.animation.humanoid.holding"
				},
				{
					"brandish_spear": "controller.animation.humanoid.brandish_spear"
				},
				{
					"charging": "controller.animation.humanoid.charging"
				},
				{
					"attack": "controller.animation.humanoid.attack"
				},
				{
					"sneaking": "controller.animation.humanoid.sneaking"
				},
				{
					"bob": "controller.animation.humanoid.bob"
				},
				{
					"damage_nearby_mobs": "controller.animation.humanoid.damage_nearby_mobs"
				},
				{
					"bow_and_arrow": "controller.animation.humanoid.bow_and_arrow"
				},
				{
					"swimming": "controller.animation.humanoid.swimming"
				},
				{
					"use_item_progress": "controller.animation.humanoid.use_item_progress"
				},
				{
					"vex_move": "controller.animation.vex.move"
				}
			],
			"render_controllers": ["controller.render.vex"],
			"spawn_egg": {
				"base_color": "#10cdc7",
				"overlay_color": "#199ec7"
			}
		}
	}
}