{
	"format_version": "1.8.0",
	"geometry.allay": {
		"texturewidth": 32,
		"textureheight": 32,
		"visible_bounds_width": 3,
		"visible_bounds_height": 2,
		"visible_bounds_offset": [0, 1, 0],
		"bones": [
			{
				"name": "rightItem",
				"pivot": [-2.25, 5, 0]
			},
			{
				"name": "body",
				"pivot": [0, 8, 1],
				"cubes": [
					{"origin": [-1, 4, -1], "size": [2, 4, 2], "uv": [0, 10]}
				]
			},
			{
				"name": "left_arm",
				"parent": "body",
				"pivot": [1, 8, 0],
				"rotation": [0, 0, -30],
				"cubes": [
					{"origin": [1, 5, -0.5], "size": [0, 3, 1], "uv": [8, 9]}
				]
			},
			{
				"name": "right_arm",
				"parent": "body",
				"pivot": [-1, 8, 0],
				"rotation": [0, 0, 30],
				"mirror": true,
				"cubes": [
					{"origin": [-1, 5, -0.5], "size": [0, 3, 1], "uv": [8, 12]}
				]
			},
			{
				"name": "left_wing",
				"parent": "body",
				"pivot": [0.5, 8, 1],
				"cubes": [
					{"origin": [0.5, 3, 1], "size": [8, 5, 0], "uv": [0, 21]}
				]
			},
			{
				"name": "right_wing",
				"parent": "body",
				"pivot": [-0.5, 8, 1],
				"mirror": true,
				"cubes": [
					{"origin": [-8.5, 3, 1], "size": [8, 5, 0], "uv": [0, 16]}
				]
			},
			{
				"name": "head",
				"parent": "body",
				"pivot": [0, 8, 0],
				"cubes": [
					{"origin": [-2.5, 8, -2.5], "size": [5, 5, 5], "uv": [0, 0]}
				]
			}
		]
	}
}