{
	"format_version": "1.12.0",
	"minecraft:geometry": [
		{
			"description": {
				"identifier": "geometry.warden",
				"texture_width": 128,
				"texture_height": 64,
				"visible_bounds_width": 4,
				"visible_bounds_height": 4,
				"visible_bounds_offset": [0, 2, 0]
			},
			"bones": [
				{
					"name": "body",
					"pivot": [0, 34, 0],
					"cubes": [
						{"origin": [-9, 13, -5], "size": [18, 21, 11], "uv": [0, 26]}
					]
				},
				{
					"name": "leg0",
					"parent": "body",
					"pivot": [-6, 13, 0],
					"cubes": [
						{"origin": [-9, 0, -3], "size": [6, 13, 6], "uv": [58, 36]}
					]
				},
				{
					"name": "leg1",
					"parent": "body",
					"pivot": [6, 13, 0],
					"cubes": [
						{"origin": [3, 0, -3], "size": [6, 13, 6], "uv": [82, 36]}
					]
				},
				{
					"name": "arm1",
					"parent": "body",
					"pivot": [-11, 30, 0],
					"cubes": [
						{"origin": [-17, 6, -4], "size": [8, 28, 8], "uv": [52, 0]}
					]
				},
				{
					"name": "arm0",
					"parent": "body",
					"pivot": [11, 30, 0],
					"cubes": [
						{"origin": [9, 6, -4], "size": [8, 28, 8], "uv": [84, 0]}
					]
				},
				{
					"name": "head",
					"parent": "body",
					"pivot": [0, 34, 0],
					"cubes": [
						{"origin": [-8, 34, -5], "size": [16, 16, 10], "uv": [0, 0]}
					]
				},
				{
					"name": "left_ear",
					"parent": "head",
					"pivot": [8, 46.5, 0],
					"cubes": [
						{"origin": [8, 43, 0], "size": [10, 10, 0], "uv": [106, 46]}
					]
				},
				{
					"name": "right_ear",
					"parent": "head",
					"pivot": [-8, 46.5, 0],
					"cubes": [
						{"origin": [-18, 43, 0], "size": [10, 10, 0], "uv": [106, 36]}
					]
				}
			]
		}
	]
}