{
	"entity_sounds": {
		"entities": {
			"wild:allay": {
				"events": {
					"ambient": "mob.vex.ambient",
					"charge": "mob.vex.charge",
					"death": "mob.vex.death",
					"hurt": "mob.vex.hurt"
				},
				"pitch": [0.8, 1.2],
				"volume": 1
			},
			"golem:test": {
				"events": {
					"ambient": "mob.irongolem.say",
					"death": "mob.irongolem.death",
					"hurt": "mob.irongolem.hit",
					"step": {
						"pitch": 1,
						"sound": "mob.irongolem.walk",
						"volume": 1
					},
					"throw": {
						"pitch": 1,
						"sound": "mob.irongolem.throw",
						"volume": 1
					}
				},
				"pitch": [0.8, 1.2],
				"volume": 1
			},
			"wild:warden": {
				"events": {
					"ambient": "mob.irongolem.say",
					"death": "mob.irongolem.death",
					"hurt": "mob.irongolem.hit",
					"step": {
						"pitch": 1,
						"sound": "mob.irongolem.walk",
						"volume": 1
					},
					"throw": {
						"pitch": 1,
						"sound": "mob.irongolem.throw",
						"volume": 1
					}
				},
				"pitch": [0.8, 1.2],
				"volume": 1
			},
			"pandas:red_panda": {
				"events": {
					"ambient": "mob.panda.idle",
					"ambient.aggressive": "mob.panda.idle.aggressive",
					"ambient.baby": "mob.panda_baby.idle",
					"ambient.worried": "mob.panda.idle.worried",
					"attack": "mob.panda.bite",
					"cant_breed": "mob.panda.cant_breed",
					"death": {
						"sound": "mob.panda.death",
						"volume": 0.82
					},
					"eat": "mob.panda.eat",
					"hurt": {
						"sound": "mob.panda.hurt",
						"volume": 0.82
					},
					"presneeze": "mob.panda.presneeze",
					"sneeze": "mob.panda.sneeze",
					"step": {
						"sound": "mob.panda.step",
						"volume": 0.4
					}
				},
				"pitch": [0.8, 1.2],
				"volume": 1
			}
		}
	}
}